Actual Sales,Predicted Sales
563.808,120.28685384090338
36.672,5.101076823429622
37.3,277.8057689491409
212.058,298.682099961935
171.288,288.34543611192504
99.136,130.7415002510726
340.182,372.98512238837884
17.38,47.61265858457739
22.62,-54.80608709338077
71.632,481.63095777945745
10.476,165.9156857711216
76.92,374.4696767015797
20.86,314.5869968579669
431.976,383.56523887982644
307.98,367.74390454590355
121.792,111.9903089656636
61.96,52.430326897792725
8.8,208.48449901010298
4.536,214.13276292623368
12.864,273.89799840982596
1123.92,402.74447883502876
30.36,420.68334264362386
91.59,106.26831011609475
41.96,261.9504487693165
30.56,257.4811090749917
27.992,274.71149499136743
60.12,424.57580365968647
25.344,122.01868749654072
15.96,48.54401794393705
179.97,401.05352433615553
756.8,427.58085373511676
44.856,164.6931624487796
89.98,367.5402009920026
12.99,229.57218833842427
7.92,187.53443306387067
17.94,104.55021646236501
1097.544,608.0199988211795
122.136,288.34543611192504
393.568,341.396685035857
56.784,276.62942646249905
23.832,58.007700682372004
17.48,186.74769876950057
55.92,165.04155788959557
479.97,397.3709189362008
88.832,138.2257176494985
3.62,38.17406848915232
20.7,38.0893715337678
8.56,49.33075223830713
1294.75,530.5802567176542
11.76,134.9639651470323
4548.81,633.931508524923
31.248,269.4259620837297
138.0,371.4265099458583
971.5,445.3888324806299
19.05,82.84407558246
13.52,31.992334738552643
259.98,370.6397756514882
61.96,33.40447510500587
555.21,195.60063188037915
10.584,84.3278063215914
17.12,158.38819968066704
23.85,188.01521407096425
26.032,9.499459564277544
32.064,223.72280260355672
47.94,312.2504516526534
154.9,195.36330351472319
9.344,5.887811117799714
14.13,104.55021646236501
207.846,322.0040847621942
90.48,353.63227120225275
2.724,-43.538063884011166
523.26,639.7858494308446
72.6,486.91649068709523
8.56,36.20955674292733
3.76,34.491463089197595
595.38,476.88956914948886
1669.6,364.51496628221525
13.776,168.66693181171667
22.72,135.10859021202185
483.136,344.20785918605714
124.792,286.9013311273876
367.96,140.59396093706147
6.48,2.917058308825915
61.44,105.19317531243922
49.568,8.69898526799986
604.768,433.0109318695592
659.168,446.199702964173
233.058,295.93085392134
227.976,393.93518833461115
603.92,394.447933959789
2244.48,536.4345976235757
65.17,321.2844799620227
38.88,268.17330292848567
12.39,88.32944630749962
20.736,133.40804933628317
12.84,88.32944630749962
221.55,105.48157582172468
90.882,216.68832120870042
81.92,137.85983625261693
449.1,336.3408647829163
67.9932,186.50649516004358
29.808,11.517806907828913
48.712,185.0541124142613
2567.84,597.0446218520922
2573.82,639.7259213212394
470.376,374.39726275483207
194.848,347.0266808258862
60.312,314.58084479575996
15.232,180.52484461033143
14.94,89.26080566685927
26.8,280.9053436086265
144.12,100.66390750850934
7.52,170.52692861463518
231.92,399.1465703904585
89.97,423.6910245754202
8.448,30.98815688837402
863.928,702.733134829301
77.728,241.71091727239238
139.93,613.3184481414884
25.344,240.58568198780262
7.24,170.52692861463518
23.84,351.7119686485976
105.584,321.3460138309001
310.12,28.861467299168396
7.98,-3.7204966856248234
411.332,347.3729389210391
630.024,326.58868866664614
36.624,61.750234191931796
204.95,188.9465734303239
10.56,28.074733004798304
589.9,371.4265099458583
96.53,549.8441936282409
97.98,364.78895495140756
7.78,29.792826658528043
5.248,5.887811117799714
47.04,338.4858603364883
3347.37,928.81476753488
34.504,206.09072232695587
15.76,29.312045651434488
13.92,82.36329457536641
33.8,164.1101985302359
333.576,372.67916910110233
265.86,294.11771191882815
43.57,2.917058308825915
232.55,194.4319441553635
124.2,373.1297474533684
10.384,343.83888900517525
465.16,49.33075223830713
29.472,61.69030608232673
71.96,479.5684012433363
1071.576,339.98454466940376
285.48,393.5165746004293
86.304,241.51704134716226
11.088,237.48604050639156
29.79,105.13324720283416
124.2,311.7696706455598
58.58,347.130844162469
12.18,526.3352621392216
16.896,130.7415002510726
859.2,426.0363713123108
74.112,646.0702374588911
29.34,109.8799585625726
49.848,81.43193521600676
86.352,78.47698562151074
4158.912,645.2159275652871
6.464,153.97083276238357
8.226,5.59325127431012
64.864,110.27221531193386
74.0,214.25062275479914
520.464,245.69077914760817
1.744,-28.412246520723244
9.84,53.2170611921628
123.256,293.63693091173457
200.795,195.3907762642713
88.752,58.93906004173165
22.24,24.494377338219152
79.36,157.39776183239601
5.248,32.06329169202954
32.432,7.767625908640213
3.318,-30.450493200386347
194.352,81.43193521600676
10.272,64.42443076677128
11.36,154.64651579180094
7.04,164.8819792308219
479.984,321.3460138309001
15.552,80.44149736773574
19.76,365.30170057658535
16.821,-0.8234788100891706
129.3,49.33075223830713
590.058,440.78789295583204
29.372,218.03557533569386
61.02,82.05734128808992
66.03,109.01955615668983
12.48,32.473115745646226
20.808,63.63769647240119
102.3,477.6270525836184
150.408,387.2749321162005
283.92,394.447933959789
485.94,324.4768812702844
1.64,2.917058308825915
2803.92,400.86466404418826
128.058,295.93085392134
116.76,274.71149499136743
6.08,53.2170611921628
159.98,368.67526390526325
64.96,29.792826658528043
470.302,513.698269807863
167.86,29.792826658528043
61.4,211.439448604599
79.14,81.12598192873025
665.88,474.1554444650443
95.68,669.0438936402597
1088.792,59.81318792325767
16.56,12.304541202199005
104.97,423.6063276200357
62.18,-23.258422265403908
2249.91,721.3084082698217
209.7,48.39939287894748
6.16,277.8057689491409
22.96,299.7477077088573
773.94,583.6914337511912
15.528,68.107036166726
556.665,400.424187844971
7.04,47.61265858457739
10.272,85.11454061596149
23.992,-46.28930992460624
39.264,397.54683678108904
357.93,106.26831011609475
5.304,77.54562626215109
48.81,89.26080566685927
16.496,12.304541202199005
37.2,214.25062275479914
33.36,135.89532450639194
31.104,223.6552270043227
225.576,373.4659033954724
16.74,91.14062045769975
122.97,88.32944630749962
466.32,311.7696706455598
386.34,51.21056702914761
572.8,324.15718798110026
161.568,238.10536133819323
9.912,81.57656028099633
9.552,67.23560491697143
37.312,137.37905524552335
12.96,48.54401794393705
21.72,135.89532450639194
116.832,449.15465255866906
241.96,32.60400080872819
8.69,112.86443684718962
15.984,15.916189648676834
20.62,47.61265858457739
6.68,52.285701832803156
22.5,264.490697528531
41.4,142.25821899346485
4.836,-46.28930992460624
13.272,270.06276159959975
399.95,529.5051219139987
142.8,311.7377060274756
12.536,-47.16343780613224
19.44,81.91271622310035
772.68,157.60146538629698
3.424,-21.774691526272477
31.008,-38.866892930892476
2.624,-20.928029122297346
39.92,167.79280393019064
49.632,135.13988299192053
99.28,31.191860442274958
1126.02,85.59532162305507
5.344,315.08909128040443
6.316,-100.27191820789784
143.952,80.64520092163667
801.6,358.59041064869643
199.96,454.1647013696925
7.98,108.14812490693524
17.34,82.05734128808992
646.74,562.1546614980258
41.86,301.46580136258706
47.984,347.58142251473504
158.368,292.64649306346354
11.96,28.861467299168396
50.12,606.140184030339
29.46,264.28699397463004
249.95,510.8215062278236
191.96,265.6159328131207
18.264,-48.389357008981506
23.952,28.176982738173876
11.808,287.07026604883526
496.86,314.5869968579669
359.98,367.74390454590355
50.94,87.54271201312953
619.95,526.6939477637984
318.08,371.7184306609846
279.96,478.389410199605
31.44,82.05734128808992
362.92,53.2170611921628
167.968,446.9864372585431
10.608,240.73030705279217
480.96,274.7770844212067
4.768,15.916189648676834
2.78,-20.50717622480883
10.56,29.792826658528043
3.304,-40.746707721732946
10.272,64.56905583176085
20.16,314.5869968579669
17.616,57.713140838882396
974.988,348.9821028452719
16.0,141.38069523143156
705.544,593.0189885349591
8.72,170.67155367962476
95.92,348.10032020211975
18.84,339.286334632766
87.92,135.89532450639194
5.76,29.792826658528043
11.68,28.861467299168396
40.88,320.1494170487621
12.032,347.34487868764836
345.0,507.1560221840194
109.92,32.473115745646226
7.712,264.28084191242306
4.896,82.36329457536641
25.98,-20.447248115203763
52.272,506.77328596682196
12.84,102.38200116223908
33.04,366.7068864225392
141.96,268.3671788537158
333.999,294.3216899971071
122.382,373.91648174773854
45.528,85.11454061596149
123.088,277.56078582185876
5.48,38.96080278352241
58.08,427.448511678764
572.58,240.2797287005261
0.984,-43.4781357744061
20.97,420.79515346983555
36.4,416.63485584678756
44.4,81.12598192873025
16.56,135.89532450639194
348.84,413.9311936975239
192.16,135.89532450639194
102.93,92.01205170745435
1.584,327.76274391529944
9.328,-48.881531459861975
226.2,510.03477193345356
16.38,424.57580365968647
46.2,135.89532450639194
39.92,370.78707130162496
5.56,36.20955674292733
12.144,57.22096638800191
2249.91,741.9985181190118
13.11,104.55021646236501
523.48,154.50189072681138
7.3,55.96830723275788
156.3728,243.30027759353533
105.52,134.9639651470323
108.784,327.76274391529944
71.952,532.6196501672682
154.9,191.75774758052404
2399.96,483.18004968981415
187.76,388.7259351102201
41.24,186.74769876950057
15.28,36.15572114560095
47.96,170.52692861463518
19.92,135.10859021202185
323.1,28.861467299168396
20.56,28.074733004798304
126.3,334.5995513826326
21.12,188.19113191585248
30.44,35.27819738356766
5.16,28.074733004798304
43.68,248.4145524386551
15.24,315.0016976932485
389.056,116.68894539633314
97.82,32.54407269912312
2.97,270.5652299404697
180.98,225.68587938456858
100.0,449.63543356576264
575.92,326.83138455593974
2.032,156.72207880297864
269.9,210.65271431022893
17.94,105.48157582172468
71.984,326.83138455593974
154.9,187.22847977659416
26.4,207.6977647157329
27.696,396.6864343752062
117.144,380.0577277355235
15.552,78.47698562151074
63.552,293.8308068369647
29.95,187.22847977659416
35.04,446.9864372585431
171.96,258.41246843435135
58.248,630.0771641891515
34.248,57.22096638800191
245.94,248.4145524386551
61.04,158.38819968066704
6.0,32.123219801634605
18.176,191.47084249866057
68.81,115.6156828877847
8.016,81.22823166210581
43.56,393.93518833461115
321.568,234.36282782863344
25.92,162.13073319022686
108.72,167.85273203979568
91.96,479.5684012433363
34.08,240.2797287005261
67.8,474.77776175312715
302.94,335.67468618628817
4.896,21.81402142917551
241.568,241.71091727239238
1218.735,401.10199240984423
197.05,300.5344420032274
349.95,503.4734167840647
45.248,10.586447548469266
51.8,162.13073319022686
2519.958,580.517074835881
47.984,327.76274391529944
5.432,-47.076044218976335
140.736,116.68894539633314
34.236,64.20692038903726
140.736,641.6180191207168
31.44,81.91271622310035
134.85,417.0534695809694
31.128,58.93906004173165
95.2,436.17278142656664
25.472,364.8209195694918
29.6,29.00609236415795
179.9,188.01521407096425
25.584,29.312045651434488
21.93,102.38200116223908
10.78,112.86443684718962
7.36,55.897350279280985
51.84,448.90436872967473
24.1,193.64520986099345
8.784,-45.28362301529174
37.32,81.91271622310035
40.98,112.86443684718962
286.86,321.2844799620227
881.93,633.931508524923
62.31,94.82322585765449
127.104,470.1366831229856
23.67,82.84407558246
35.97,111.83073030688998
161.94,105.19317531243922
51.45,86.45572402893784
32.4,217.93322815475386
10.688,11.37318184283933
3.564,5.043845345595969
5.58,84.80858732868498
799.92,754.92398134735
4.92,105.3369507567351
10.98,-20.50717622480883
11.76,52.14192638850727
35.0,390.60574990106056
1.788,9.513185039920785
21.93,105.48157582172468
35.36,324.0972598714952
219.075,272.0258383806116
9.708,261.95314540108797
130.71,85.65524973266014
2575.944,588.4820732414004
98.112,297.31953631168926
14.368,235.2941871879931
3.882,8.726450745550693
39.128,-37.9355335715328
2735.952,555.9001092566072
5.584,207.02208168631552
1.524,-44.32479817838126
892.224,287.4140767525654
2054.272,559.9645752186577
7.56,106.26831011609475
14.07,316.75521215809283
254.352,314.5209166861549
31.86,344.31967001226883
51.016,289.8952470228685
275.058,298.682099961935
723.92,373.6829424072096
38.34,105.13324720283416
131.94,101.595266867869
12.832,4.956451758440068
957.5775,370.9833946182778
31.168,346.8820557608966
542.94,338.4259322268832
895.92,166.92137268043604
8.856,327.8206785835125
32.48,48.39939287894748
35.4,188.9465734303239
18.496,349.5840509412512
148.02,311.31909229329375
7.89,-16.841692181004618
242.352,311.7696706455598
15.552,58.15232574736157
15.936,130.59687518608303
152.91,82.84407558246
15.8,159.31955904002672
203.976,379.95968294562726
37.408,279.5252975680837
503.96,483.3109347528961
116.4,365.9201521281691
20.736,117.47567969070323
12.294,-100.50924657355381
226.56,241.0664629948962
268.935,271.2391040862416
30.48,105.48157582172468
99.87,82.05734128808992
147.184,28.380686292074813
11.52,135.89532450639194
83.36,0.1658122682308658
1799.994,287.81888366291423
22.848,262.8245766508426
182.72,347.1689608427601
15.232,134.62780920492827
71.976,372.67916910110233
4.36,56.02823534236295
8.856,77.54562626215109
214.7,440.8458246747924
221.024,32.123219801634605
17.12,161.2840707862517
254.24,612.3870887821288
119.04,267.3018716787311
85.056,84.2431093662069
40.776,64.42443076677128
105.52,164.1101985302359
122.352,286.6273424581953
50.0,345.2510293716285
19.05,208.48449901010298
220.776,82.08863406798858
37.764,184.56567664554157
31.104,223.57817753856713
27.936,114.74155500625868
11.232,270.06276159959975
11.84,-24.013863779875322
8.67,81.91271622310035
8.62,-20.50717622480883
9.24,312.2504516526534
38.6,371.7184306609846
45.36,318.47330581182257
383.64,471.40419842444925
54.528,294.76216619632436
43.176,379.95968294562726
319.984,346.7347601107599
63.68,600.9309308059479
3.52,49.33075223830713
19.98,-19.64677381892608
440.91,736.1476974189311
727.296,346.4844762817656
10.56,48.39939287894748
21.248,371.18381405656464
7.31,-17.773051540364293
29.8,188.4657924232303
21.12,134.9639651470323
88.04,170.60397808039076
431.136,712.2426818782028
129.3,52.285701832803156
3.76,55.09687598300329
17.34,101.45064180287943
6.48,0.1658122682308658
1679.96,483.3109347528961
7.27,-17.62842647537471
12.96,39.02073089312748
25.92,162.93120748650455
106.32,102.38200116223908
194.32,145.12322874099135
1297.368,396.7844791651024
12.224,14.26905294842399
65.79,400.22020976669205
219.84,154.50189072681138
63.936,645.1388780995314
839.43,102.38200116223908
20.736,116.68894539633314
39.296,138.2257176494985
2.304,-27.625512226353152
10.688,32.92369409791229
528.43,403.9131665600444
468.9,580.880259600991
11.264,350.37078523562127
1.44,-44.35226365593209
53.2,418.3529495005173
9.48,228.6408289790646
5.5,314.4889520680707
17.856,131.52823454544267
22638.48,506.8614623405298
797.944,348.9821028452719
79.4,164.1101985302359
12.96,48.39939287894748
171.04,161.79614457324394
147.568,261.529595871828
150.384,343.69511356087935
7.104,17.8669613929942
5.193,26.212404170023433
74.352,58.007700682372004
70.368,24.494377338219152
9.088,138.16578953989344
2793.528,376.31519422596375
26.72,232.32343437901932
58.48,349.98013499296025
261.96,264.8291985187507
203.92,142.31205459079123
58.112,340.8839394106792
6.79,321.1864351721265
1432.0,480.49976060269597
122.352,294.708330598998
129.93,334.7433268269285
85.246,246.7659139512637
747.558,295.93085392134
22.608,262.8245766508426
479.976,393.93518833461115
81.96,52.285701832803156
517.405,404.844525919404
307.776,270.2126963780998
18.288,217.16144745416784
78.304,31.191860442274958
75.0,403.78764902060004
173.94,334.7433268269285
415.968,427.448511678764
7.92,489.7276648372954
0.836,-100.27191820789784
99.54,348.0622035218286
1.192,-46.28930992460624
47.3,32.60400080872819
3.488,25.4257366975788
11.52,164.25482359522547
33.282,22.600755723545603
9.344,25.4257366975788
20.7,52.285701832803156
74.352,64.42443076677128
47.976,393.93518833461115
6.56,29.792826658528043
735.98,53.2170611921628
18.92,374.4696767015797
159.98,344.31967001226883
532.72,323.2258286217406
40.74,102.38200116223908
81.96,49.33075223830713
7.64,-23.258422265403908
254.352,240.58568198780262
87.168,380.81399283923133
801.568,261.529595871828
361.376,326.83138455593974
79.9,345.2510293716285
30.144,4.956451758440068
59.94,108.23282186231975
14.78,370.35137514220276
174.95,198.1744776649233
43.28,-20.987957231902413
124.41,334.7433268269285
540.048,78.47698562151074
144.784,185.854586710539
89.97,401.1134524457606
99.136,137.29435829013886
11.52,138.64657054698702
12.192,82.36329457536641
5.46,106.26831011609475
139.92,366.17582845811137
38.88,241.99782235425585
756.8,444.45747312127025
91.36,134.9639651470323
10.43,218.9669346950535
52.96,281.8367029679861
238.896,533.5510095266279
29.9,192.55822187680172
21.88,417.8721684934237
625.99,315.6240149813313
23.16,126.98515991767974
30.672,82.36329457536641
279.86,991.0339925838061
7.56,267.38656863411563
10.08,271.14405573745944
8.36,262.0103768789216
2624.985,344.9564695281389
47.36,133.40804933628317
7.872,82.36329457536641
74.416,28.176982738173876
16.14,106.26831011609475
599.9,794.9650700875593
1499.95,509.9671963342195
63.312,84.3278063215914
19.44,82.05734128808992
33.75,197.24311830556366
397.6,423.0515859311869
18.504,58.93906004173165
43.92,164.25482359522547
14.94,81.91271622310035
73.98,368.67526390526325
8.288,5.887811117799714
17.024,257.7870623622682
81.088,270.2126963780998
73.536,137.29435829013886
30.53,6.528706755303745
165.6,373.4659033954724
122.97,86.45572402893784
22.83,85.65524973266014
177.536,118.40703905006288
38.976,81.57656028099633
6.912,81.57656028099633
11.84,341.396685035857
1403.92,393.5165746004293
9.32,141.38069523143156
220.704,456.66715900871526
16.52,163.32346423586583
438.336,452.5488574493383
29.7,208.48449901010298
4.095,4.661891914950445
6.6,106.26831011609475
1088.76,268.17330292848567
3499.93,615.9926447163278
273.06,234.81340618089953
35.52,77.54562626215109
18.936,68.107036166726
309.456,383.66328366972266
64.96,258.2678433693618
12.96,28.861467299168396
190.92,368.05564324895187
51.45,105.3369507567351
140.97,398.3022782955604
8.832,65.35579012613093
6.368,5.887811117799714
10.428,78.4032506880726
179.94,91.14062045769975
59.96,499.1063268231154
71.98,348.0622035218286
37.68,58.93906004173165
7.3,29.00609236415795
61.96,52.285701832803156
9.656,194.22208853925565
53.568,114.80148311586375
168.624,379.1263683761639
14.48,111.93307748782996
33.02,36.20955674292733
59.7,81.91271622310035
643.136,349.69322991109675
48.848,28.176982738173876
60.72,335.67468618628817
41.424,330.5139899558945
256.784,182.24293826406117
5.04,86.45572402893784
41.4,158.1844961267661
271.9,371.4864380554634
38.88,244.74906839485092
18.16,170.60397808039076
122.328,58.93906004173165
45.0,421.7265128291952
117.96,53.2170611921628
12.96,31.67264144936854
13.208,-47.16343780613224
211.04,348.10032020211975
211.168,427.448511678764
75.04,370.73782044138443
172.764,273.4221755325871
6.23,111.93307748782996
348.56,357.3282244367192
772.68,135.89532450639194
15.14,-17.62842647537471
317.058,295.93085392134
51.968,260.59823651246836
18.24,101.45064180287943
5.888,25.4257366975788
23.128,277.56078582185876
40.08,241.99782235425585
319.968,448.9509490047681
1793.98,52.285701832803156
1704.89,851.6989244114459
63.84,377.0869749265497
968.744,293.63693091173457
141.96,262.0103768789216
51.52,184.57948346937465
10.68,388.7259351102201
40.41,407.56829921045096
32.4,187.22847977659416
32.4,206.76640535637324
64.704,556.1885097658926
7.78,0.1658122682308658
359.772,242.87960499740802
46.53,105.48157582172468
45.36,304.14609044970524
126.56,430.25968582896417
21.4,191.69781947091897
603.92,383.9082667970048
14.72,187.67905812886022
2.96,206.09072232695587
76.58,297.0135830244128
173.656,589.3535044911549
590.352,220.0573185597525
24.3,440.8458246747924
298.116,460.647020883931
17.088,139.0261919457762
9.98,115.6156828877847
34.74,105.3369507567351
19.14,88.32944630749962
539.92,480.49976060269597
6.33,112.86443684718962
16.23,88.32944630749962
25.488,343.6351854512743
70.98,212.56468388918879
17.904,57.79019030463799
286.93,297.80031731878285
10.36,53.2170611921628
305.01,401.1515691260517
959.984,320.55927953653
25.696,32.123219801634605
19.56,141.38069523143156
14.76,281.8367029679861
296.712,615.6270298552811
9.96,56.02823534236295
307.314,298.7420280715401
38.864,62.56443396385275
23.904,244.3282154973624
258.528,320.86523282380654
71.372,245.97917965689362
14.016,81.57656028099633
11.952,58.93906004173165
1458.65,436.95951572093674
55.264,4.169717464069976
32.13,424.57580365968647
50.96,296.9288860690283
2.672,-20.928029122297346
5.98,-20.50717622480883
199.98,348.8626778181063
1.8,111.93307748782996
15.42,-16.841692181004618
358.2,373.91648174773854
266.352,422.83872582852115
17.96,141.38069523143156
360.38,29.792826658528043
5.248,134.33940869564282
1117.92,161.2840707862517
302.376,377.2084369050322
1325.76,447.4991828837209
79.99,297.68515117273614
34.86,-44.70675160902675
1322.93,633.931508524923
2357.488,271.14405573745944
1439.982,369.0988134345232
23.2,320.55927953653
5.84,52.94240068478497
892.224,290.30994785815005
11.36,55.96830723275788
121.6,158.1844961267661
109.92,35.42282244855724
9.84,104.55021646236501
59.48,55.1815729383878
9.96,52.430326897792725
981.372,245.6308510380031
45.84,356.481562032744
68.52,101.45064180287943
19.312,257.93168742725777
562.2925,476.154533106782
499.584,64.56905583176085
5.94,82.84407558246
6.03,109.0794842662949
105.584,321.3460138309001
10.95,315.34935447395344
13.11,105.13324720283416
763.28,404.844525919404
24.0,343.9835140701648
863.128,561.1870985409997
10.4,208.48449901010298
241.332,402.4540243653312
43.8,476.84031828924833
19.44,106.26831011609475
82.896,61.69030608232673
199.95,526.7538758734036
3.048,-23.739203272497463
3357.6,379.95968294562726
69.008,258.71842172162786
38.97,406.6835201261847
403.56,383.1215325026347
177.48,383.56523887982644
718.64,429.36644314989564
4.77,2.976986418431011
254.058,216.08015331630816
699.93,616.9240040756874
14.89,229.57218833842427
85.52,51.498967538433064
563.024,483.3490514331872
18.496,111.20357467129352
23.84,446.199702964173
5.67,89.20697006953291
428.68,316.75521215809283
14.19,315.8621000991312
47.616,76.758891967781
3.96,32.60400080872819
255.984,346.7347601107599
8.78,311.7377060274756
274.2,706.1020692944521
765.625,483.4440997819693
177.98,112.86443684718962
7.56,265.4220568878906
17.14,282.34877675497836
13.48,311.7377060274756
11.76,31.67264144936854
2799.96,499.1063268231154
15.552,64.42443076677128
383.96,489.66773672769034
348.488,296.4481050619347
88.96,330.6120347457907
166.72,51.29526398453211
80.58,268.23323103809076
107.94,105.13324720283416
39.96,29.792826658528043
18.528,164.9843264117619
75.18,261.53574793403493
61.4,188.1598391359538
31.08,243.96233410048083
39.96,474.77776175312715
39.98,282.6234372623562
71.976,380.760157241905
11.36,53.2170611921628
22.911,217.7982469700379
283.14,143.48074231580685
47.98,267.5804445593457
31.776,133.40804933628317
10.496,110.27221531193386
81.98,32.54407269912312
12.96,36.20955674292733
25.92,157.39776183239601
13.896,21.66939636418593
108.96,401.05352433615553
6.24,52.285701832803156
10.528,130.7415002510726
25.71,109.01955615668983
106.32,91.22531741308427
95.232,241.24238083978443
1684.752,446.56782352436124
29.04,85.59532162305507
629.1,247.48319307929546
171.288,287.4140767525654
9.184,28.525311357064396
3.444,-27.639319050186202
20.064,216.37471315979775
27.384,290.6819813172385
3.328,28.525311357064396
59.52,105.48157582172468
49.08,396.5841846418307
35.91,376.66772778833354
369.544,586.6022584505599
217.584,339.16584575694947
10.368,25.4257366975788
142.36,282.34877675497836
383.952,559.655533147381
205.92,135.89532450639194
4.448,15.916189648676834
7999.98,400.688007539189
370.62,273.66832480579615
23.18,368.67526390526325
51.312,58.93906004173165
60.864,452.7525610032393
195.466,240.48370677880513
28.752,81.43193521600676
182.94,330.85701787307283
3991.98,371.4265099458583
523.25,215.12205400455372
127.764,270.67092949199207
13.76,49.33075223830713
183.84,576.5753369129535
104.58,180.82314313598178
1013.832,611.3515660861863
99.136,133.40804933628317
28.35,401.1515691260517
8.448,8.69898526799986
963.136,339.67859138212725
310.88,261.529595871828
69.93,633.0001491655634
158.928,595.7702345755542
48.576,310.9829363511898
147.184,15.055787242794082
117.576,372.67916910110233
99.2,187.22847977659416
2.214,21.81402142917551
282.84,364.51496628221525
53.04,377.2084369050322
41.4,142.25821899346485
26.7,48.54401794393705
95.94,106.26831011609475
8.82,31.67264144936854
43.512,277.56078582185876
96.256,329.68067538643106
50.32,365.30170057658535
332.028,577.4494647944796
12.96,35.355246849323265
5.607,4.661891914950445
184.66,324.83620029889545
4.3,38.96080278352241
40.29,92.07197981705941
68.46,322.0849542583004
528.43,402.0333517692039
158.928,610.0264929841946
56.56,32.60400080872819
389.97,403.8646984863557
31.744,25.4257366975788
18.84,184.57948346937465
435.168,340.4653256764974
205.176,237.5646522214946
9.024,220.7730959006457
33.82,51.498967538433064
32.67,106.26831011609475
4297.644,800.5829056005455
271.984,4.956451758440068
1319.96,456.0521636501619
389.97,398.3022782955604
118.25,194.5765692203531
259.896,319.9338734644469
21.552,220.90398096372763
4476.8,426.66177738439393
315.776,560.018410815984
13.71,128.70325357140948
23.36,28.861467299168396
2549.985,423.48846779147027
27.93,109.01955615668983
6.63,82.84407558246
96.08,38.17406848915232
25.08,471.40419842444925
25.92,241.51704134716226
844.116,458.9709096469915
57.23,-23.258422265403908
85.14,421.7265128291952
9.82,28.074733004798304
178.11,417.8402038753395
195.68,141.52532029642114
658.746,322.7908190565643
155.372,241.16151134367828
347.58,104.55021646236501
92.52,241.21108805988575
398.4,499.25095188810496
9.728,11.517806907828913
5.232,-23.739203272497463
128.34,270.9844770786858
23.136,217.16144745416784
251.006,246.49125344388585
17.46,259.19920272872145
74.95,527.8290106770592
5.08,-37.99546168113787
1325.85,210.65271431022893
38.29,527.2666214985813
715.2,334.8879518919181
29.46,477.0341942144784
19.3,259.19920272872145
105.584,319.6279201771704
36.56,188.4657924232303
569.568,233.57609353426335
222.384,320.4146544715405
236.528,235.2941871879931
5.588,-47.22066928396589
25.3,212.37080796395867
1085.42,316.75521215809283
6.0,25.4257366975788
20.232,269.1314022402401
31.5,477.6270525836184
1747.25,418.3529495005173
17.28,265.4220568878906
39.072,218.0928068135275
17.94,82.05734128808992
490.32,423.44074074642583
22.74,106.26831011609475
166.84,170.52692861463518
19.68,248.4145524386551
29.76,190.94237795644756
200.064,78.47698562151074
1471.96,168.6532063360734
52.776,82.36329457536641
35.88,243.96233410048083
359.88,395.81500312545165
33.28,157.60146538629698
76.12,29.792826658528043
387.136,118.40703905006288
12.22,224.8991450901985
251.944,611.7026042211342
487.96,281.4883743490956
94.68,630.5579451962451
1706.184,606.6529296555168
664.146,482.0891908933498
4007.84,683.1284131130835
19.68,261.53574793403493
2.896,-38.866892930892476
53.34,331.0016429380624
21.38,112.86443684718962
486.368,341.396685035857
8.56,28.861467299168396
20.368,-24.670562631857138
43.13,205.21659444542985
1016.792,-47.95017210050233
86.97,277.8766590806923
915.136,344.1479310764521
35.98,364.78895495140756
6.7,0.1658122682308658
88.074,213.2613316764791
40.7,188.01521407096425
49.5,194.50899362111912
3.008,27.59395199770475
67.84,112.86443684718962
152.991,22.600755723545603
109.8,639.7259213212394
35.88,244.67811144137403
5.936,218.03557533569386
22.72,159.31955904002672
6.48,-0.7655470911288091
10.9,188.9465734303239
146.45,510.03477193345356
450.0,507.1560221840194
213.216,296.64198098716486
481.32,134.9639651470323
31.68,134.48318413993871
323.37,398.3022782955604
65.94,311.31909229329375
32.4,211.23574505069806
12.672,85.0435836624846
90.8,350.0648319483447
118.25,188.9465734303239
25.35,85.59532162305507
39.96,268.3671788537158
815.292,608.1366603946482
60.416,24.494377338219152
87.36,244.74906839485092
287.91,370.0301727938828
63.9,217.93322815475386
479.95,527.8290106770592
25.92,407.56829921045096
13.984,25.4257366975788
42.6,315.0016976932485
69.456,29.312045651434488
57.75,208.48449901010298
160.776,374.39726275483207
230.28,287.4140767525654
53.088,218.9669346950535
83.984,320.4146544715405
5.184,58.15232574736157
4.896,28.163175914340798
39.68,28.074733004798304
849.95,215.12205400455372
1247.64,104.55021646236501
87.168,8.639057158394792
132.224,346.8820557608966
58.34,39.82120518940516
518.272,556.3529267721799
8.28,280.9053436086265
13.872,223.57817753856713
46.672,8.69898526799986
4.464,-37.9355335715328
34.5,88.32944630749962
156.512,138.2257176494985
73.176,165.9156857711216
18.0,300.5810222783208
217.44,557.4560250673562
51.75,206.1479538047895
544.38,104.55021646236501
76.864,28.236910847778944
41.37,312.2504516526534
479.952,552.302200812037
26.046,6.761938999325707
21.98,293.33097762445806
13.216,111.05894960630395
45.696,294.76216619632436
44.416,29.312045651434488
505.32,80.44149736773574
12.462,5.043845345595969
1.728,-20.928029122297346
796.425,489.7932542671346
198.744,348.9821028452719
214.95,378.1283362284755
5.682,-104.17473061735802
105.98,367.74390454590355
1012.68,380.81399283923133
10.86,109.8799585625726
12.9,32.54407269912312
465.16,56.02823534236295
35.89,-23.258422265403908
63.92,344.7702483645349
21.0,297.5733403465245
217.584,238.10536133819323
1261.33,296.9288860690283
409.272,233.88204682153986
24.7,368.9270744987065
15.488,339.67859138212725
14.272,560.018410815984
54.92,394.447933959789
34.37,313.65563749860723
181.797,197.3263134738096
158.13,82.84407558246
25.92,135.89532450639194
254.97,397.3709189362008
50.22,86.45572402893784
4.984,-96.52938469833805
33.48,53.2170611921628
108.576,374.39726275483207
6.48,-17.773051540364293
213.48,373.610528460462
35.34,259.19920272872145
17.456,5.887811117799714
2.907,21.66939636418593
19.44,88.47407137248919
6.672,-47.16343780613224
77.952,293.97543190195427
11.52,138.7064986565921
6.672,61.69030608232673
762.594,9.513185039920785
15.42,38.96080278352241
11.648,25.4257366975788
290.98,211.7779495948187
74.352,81.57656028099633
10.368,25.4257366975788
8.72,135.89532450639194
170.88,109.0794842662949
3.96,53.2170611921628
904.9,215.1819821141588
8.56,32.54407269912312
626.1,272.0258383806116
517.9,366.7534666976326
5.56,32.54407269912312
3.768,-45.57818285878136
39.879,216.86688761067825
220.064,347.8134151202563
35.88,264.490697528531
88.02,333.95659253255843
25.128,260.07333061024747
1399.98,350.8810251616577
9.248,27.390248443803785
5.388,57.857765903871964
1363.96,486.91649068709523
10.89,-23.258422265403908
88.776,372.67916910110233
6.286,218.9669346950535
3.528,-27.625512226353152
72.704,367.6320937196919
3930.072,78.47698562151074
161.82,419.75813534647114
933.262,317.9321456943459
344.22,237.5646522214946
13.9,211.23574505069806
204.95,215.1819821141588
62.85,401.05352433615553
42.208,12.304541202199005
51.756,262.0378423564724
11.952,58.93906004173165
3.564,5.043845345595969
4355.168,140.97696369009358
718.116,456.9644154839763
1673.184,771.369096618108
589.41,435.3870964545831
29.22,334.5396232730276
11.688,259.2865963158774
67.04,426.5171523194044
17.45,192.55822187680172
196.776,374.39726275483207
11.34,88.32944630749962
254.9745,293.5349557027371
18.84,312.2504516526534
15.232,134.33940869564282
395.0,509.9671963342195
4.928,315.0043943250199
124.95,526.8976513176995
159.98,344.31967001226883
34.248,80.64520092163667
2.088,-27.625512226353152
110.96,32.54407269912312
2.934,6.761938999325707
9.84,82.84407558246
52.56,106.26831011609475
271.764,270.67092949199207
54.384,326.90843402169537
2.064,-41.53344201610304
27.18,81.91271622310035
384.768,233.88204682153986
13.392,77.54562626215109
222.384,330.5139899558945
16.176,77.69025132714066
523.92,417.8721684934237
18.75,187.22847977659416
6.816,-44.409495133765745
51.465,111.69574912217399
93.06,241.99782235425585
45.528,80.44149736773574
59.98,371.4265099458583
184.752,287.4140767525654
2.628,-27.639319050186202
195.136,341.396685035857
6.608,9.499459564277544
12.672,346.6881798356665
38.88,264.6353225935205
19.83,-17.696002074608685
323.136,364.8209195694918
478.24,366.85151148752874
27.24,165.04155788959557
99.488,31.992334738552643
40.712,290.6819813172385
681.408,789.2309109609473
431.16,486.91649068709523
887.271,299.81716287519566
25.92,158.1844961267661
47.992,246.7659139512637
341.96,281.5483024587007
340.92,82.84407558246
239.97,421.7265128291952
185.88,248.4145524386551
9.87,82.05734128808992
8.88,112.86443684718962
32.4,187.22847977659416
48.896,29.312045651434488
539.97,407.4702544205548
629.1,250.37906418488012
36.96,527.2666214985813
114.2,207.55313965074333
127.95,312.2504516526534
55.008,81.43193521600676
359.32,138.57561359351013
185.376,25.4257366975788
24.56,53.2170611921628
53.9,207.55313965074333
198.272,559.0870514566244
22.66,33.40447510500587
28.4,211.439448604599
46.864,340.8839394106792
54.5,208.48449901010298
67.176,396.7463624848113
89.97,397.3709189362008
344.91,84.72389037330048
66.69,312.2504516526534
152.94,82.05734128808992
748.752,641.9239724079933
13.632,117.47567969070323
46.344,82.08863406798858
11.36,34.491463089197595
16.464,270.3573214430894
742.336,638.8667730801217
113.79,338.4858603364883
20.544,236.8439980989365
107.44,448.90436872967473
2.672,-28.5568715857128
8.64,82.84407558246
87.8,473.8464023937675
62.91,403.9322740855896
52.4,208.48449901010298
883.92,420.68334264362386
6354.95,195.36330351472319
43.7,191.69781947091897
8.952,-30.450493200386347
13.98,-3.7204966856248234
9.408,292.8501966173645
7.96,52.285701832803156
319.968,426.66177738439393
9.26,53.2170611921628
6.24,312.2504516526534
91.92,391.47718115081517
26.88,268.17330292848567
33.568,274.8293577691856
479.97,404.71900837995975
24.448,118.40703905006288
68.46,609.7205396969182
78.759,340.1215149727672
334.768,294.5682902710942
400.784,204.88043850332582
281.34,264.490697528531
239.976,393.14845404024106
764.688,446.7124485893508
20.88,52.285701832803156
18.528,340.8839394106792
12.96,35.27819738356766
19.92,163.32346423586583
158.376,426.96773067167044
228.92,184.57948346937465
3406.664,559.5779346167669
45.98,29.792826658528043
20.736,114.74155500625868
10.984,207.02208168631552
23.68,28.380686292074813
152.65,188.01521407096425
450.04,36.20955674292733
151.72,368.1128747267855
251.52,217.16144745416784
1919.976,377.07755184195025
33.568,28.525311357064396
887.271,299.03042858082557
4.752,-47.95017210050233
80.991,217.6196805680601
20.23,314.5869968579669
17.088,111.20357467129352
72.294,121.69366511787024
5.328,-44.70675160902675
1.869,-101.44060593291346
56.3,32.54407269912312
1117.92,135.89532450639194
717.72,290.22525090276554
104.9,211.439448604599
21.4,215.1819821141588
16.784,-27.625512226353152
710.832,288.34543611192504
99.68,167.79280393019064
47.992,273.9247606969974
241.44,84.72389037330048
30.87,295.0490712781878
121.78,271.17835300391596
40.3,48.39939287894748
7.184,7.767625908640213
34.44,109.0794842662949
376.509,295.93085392134
69.9,367.6001291016077
77.952,311.7696706455598
11.376,260.07333061024747
419.9,188.01521407096425
16.56,380.81399283923133
3.38,-24.189781624763555
249.75,403.90281516664675
40.05,88.47407137248919
557.728,341.396685035857
1004.024,500.55043180765284
1454.49,736.1476974189311
24.32,366.85151148752874
18.9,84.72389037330048
88.776,374.39726275483207
1044.63,397.57880139917324
18.688,8.69898526799986
32.368,292.561796108079
328.59,272.73696544643644
307.92,394.447933959789
343.2,271.0460109475633
72.744,586.6022584505599
9.64,51.498967538433064
24.2,188.9465734303239
32.088,294.5682902710942
338.04,78.47698562151074
25.02,106.26831011609475
60.35,440.8458246747924
1606.23,430.13822385048167
82.656,395.85311980574284
135.95,298.6165105320958
14.82,311.31909229329375
73.2,188.1598391359538
11.672,277.5226691415676
398.352,62.550708488209494
269.982,373.1297474533684
842.352,287.55870181755495
142.182,180.83079789760794
6.12,102.38200116223908
54.816,64.50148023252687
98.16,583.6914337511912
4912.59,81.12598192873025
18.24,85.59532162305507
371.97,400.2667900417854
13.904,5.887811117799714
55.104,224.50953689792678
629.184,322.4772110076617
55.168,131.52823454544267
55.48,5.72823245902606
23.832,78.47698562151074
300.904,184.20745001028615
3.168,51.44103581947269
123.92,158.53282474565663
7.23,111.69574912217399
9.24,81.91271622310035
6.99,105.3369507567351
52.096,133.40804933628317
11.76,135.89532450639194
3.984,205.6671727976959
13.92,58.007700682372004
14.576,8.639057158394792
68.541,433.61489111224347
449.97,419.80471562156447
155.372,246.7659139512637
30.93,205.3612195104194
125.93,313.65563749860723
47.808,541.8856710821588
195.64,159.31955904002672
9.99,-5.438590339354562
14.9,212.37080796395867
303.25,421.1041955411124
6.048,220.60942112023804
35.88,261.53574793403493
32.232,77.54562626215109
582.336,556.281969818703
18.288,217.30607251915742
19.52,240.77955791303273
69.99,321.1864351721265
103.12,686.0513980894953
1.98,367.5402009920026
21.312,236.69937303394693
17.48,52.285701832803156
318.43,401.10199240984423
251.964,531.3521348658046
26.16,65.35579012613093
6.368,206.09072232695587
306.9,330.85701787307283
146.82,109.8799585625726
15.712,133.40804933628317
281.372,249.51715999185876
40.99,-0.7655470911288091
10.48,-41.67806708109262
47.984,343.69511356087935
12.96,35.27819738356766
36.744,82.36329457536641
1295.78,28.074733004798304
87.71,318.47330581182257
38.04,367.6001291016077
24.9,207.6977647157329
40.48,282.6234372623562
191.6,164.8819792308219
17.48,159.31955904002672
97.184,233.57609353426335
29.24,184.57948346937465
4663.736,293.7815559767241
12.294,-80.75049608372325
3.15,0.1658122682308658
818.376,377.1485087954271
5.904,4.956451758440068
11.52,113.66026086839898
293.52,264.6353225935205
91.6,211.23574505069806
14.94,101.595266867869
23.88,311.4637173582833
40.968,78.47698562151074
29.403,88.71139973814518
8.134,218.9669346950535
23.968,280.3719599720589
15.712,350.49370420737444
99.98,348.0622035218286
487.92,244.74906839485092
227.136,135.41454349929836
222.352,611.9444244553263
40.67,318.47330581182257
9.584,-48.09479716549188
29.718,184.5057485359365
841.568,4.169717464069976
29.61,423.7890693653164
75.792,61.69030608232673
45.36,295.0490712781878
27.42,317.735822377693
4.338,8.344497314905198
12.07,228.78545404405418
102.93,106.26831011609475
9.588,320.0784985294365
20.72,4.956451758440068
653.55,311.31909229329375
9.99,318.37526102192635
5.04,12.304541202199005
14.376,82.36329457536641
11.648,258.71842172162786
107.97,401.05352433615553
264.32,28.236910847778944
272.94,106.26831011609475
14.56,56.02823534236295
10.8,208.48449901010298
239.976,404.1843917755398
24.18,48.54401794393705
29.52,159.04489853264886
9099.93,633.0001491655634
377.928,691.773396939064
19.44,81.91271622310035
5.34,52.285701832803156
101.994,288.6193579591919
17.12,192.07744086970814
26.16,67.23560491697143
2.688,6.761938999325707
105.584,327.76274391529944
47.3,29.00609236415795
17.94,89.26080566685927
1592.85,543.0620135688007
34.272,58.93906004173165
56.07,313.8002625635968
264.32,29.312045651434488
64.944,314.5209166861549
62.18,-1.5522813854988726
38.08,365.2444690987517
17.22,81.91271622310035
63.824,326.90843402169537
51.94,211.6333245298291
12.448,29.312045651434488
772.47,398.3022782955604
271.44,81.12598192873025
34.02,105.3369507567351
24.896,135.41454349929836
13.44,86.45572402893784
24.75,417.5662152061472
21.4,195.36330351472319
66.688,-21.058914185379308
99.846,340.9082492671373
159.84,668.0007234546885
7.3,31.75733840475303
90.06,251.1657984792502
45.04,25.4257366975788
8.544,27.59395199770475
2625.12,370.73782044138443
12.96,53.2170611921628
71.6,350.85156624271485
270.34,668.3723254919364
10.784,-24.814338076153007
25.5,101.595266867869
110.352,373.4659033954724
148.48,340.8839394106792
191.646,326.47342445651907
436.704,446.56782352436124
9.94,280.9053436086265
13.9,207.55313965074333
17.48,49.33075223830713
1040.8,211.439448604599
24.368,233.57609353426335
5.64,87.54271201312953
201.584,321.3460138309001
32.36,368.9133490230632
203.92,394.447933959789
686.32,321.3460138309001
723.92,400.86466404418826
16.704,244.26828738775734
23.56,397.19918000038405
18.84,317.88044744268257
9.78,-24.189781624763555
480.74,31.67264144936854
34.176,5.830579639966061
186.54,317.88044744268257
966.7,402.0333517692039
445.44,641.1372381136232
4.086,-47.45799764962183
104.28,88.40649577325522
18.24,-44.70675160902675
175.92,184.57948346937465
15.28,49.33075223830713
61.96,330.84321104923976
62.048,5.887811117799714
1801.632,239.79894769343252
19.36,29.792826658528043
265.17,-3.7204966856248234
27.72,400.3648348316816
236.88,244.74906839485092
15.47,299.7477077088573
122.352,288.34543611192504
22.72,111.20357467129352
197.97,420.00841917546546
31.84,350.85156624271485
6.9,310.80634666811596
14.76,264.68457345376106
34.8,397.82149728846684
845.728,589.4515492810513
27.216,78.47698562151074
10.368,5.887811117799714
116.784,350.3326685553301
19.776,78.46317879767767
3.798,5.830579639966061
302.376,377.1485087954271
19.98,-24.045156559774
7.61,2.917058308825915
325.632,216.37471315979775
50.04,244.74906839485092
102.368,28.380686292074813
659.97,404.71900837995975
20.736,135.41454349929836
23.616,350.4307133452263
36.4,215.12205400455372
49.76,158.1844961267661
2715.93,300.5344420032274
74.76,105.13324720283416
542.646,326.5333525661241
28.752,78.47698562151074
479.984,324.0972598714952
104.784,180.52484461033143
192.72,509.13388176475604
63.98,527.2066933889762
218.352,288.34543611192504
2.48,-0.9692506450297458
17.61,102.38200116223908
185.376,8.639057158394792
16.34,29.792826658528043
629.95,529.7088254678996
3.762,21.66939636418593
457.568,234.50745289362303
176.772,6.761938999325707
35.04,36.20955674292733
31.05,82.84407558246
7.16,53.2170611921628
1090.782,503.68129924703715
14.94,102.38200116223908
31.96,265.5620972157944
131.136,130.7415002510726
264.18,301.46580136258706
34.384,-20.928029122297346
44.46,264.76162291951664
50.12,137.77513929723244
44.67,317.81287184344865
177.2,206.76640535637324
3.36,29.792826658528043
75.84,28.861467299168396
1704.56,636.7807993554143
71.88,38.17406848915232
299.97,335.67468618628817
30.0,371.4864380554634
46.2,187.3906576195748
46.672,5.101076823429622
21.392,-43.4781357744061
8.96,268.42710696332085
87.92,137.85983625261693
7.312,4.956451758440068
87.4,527.042276382689
12.39,81.91271622310035
11.07,92.07197981705941
37.392,85.17446872556656
13.9,210.44901075632797
114.2,190.91108517654888
833.94,579.9489002416315
438.368,426.5171523194044
9.324,167.88019751734657
95.984,343.69511356087935
27.96,502.7889322230701
158.28,260.6043885746753
37.056,61.69030608232673
14.4,215.9824564104365
52.68,374.39726275483207
312.552,377.24655358532334
40.48,281.6920779029966
143.7,84.80858732868498
32.4,197.32781526094817
19.68,244.74906839485092
24.672,14.98483028931716
5.984,4.169717464069976
68.472,84.3278063215914
79.92,745.7560052223557
31.12,142.31205459079123
333.576,377.1485087954271
319.76,675.5757898707058
40.0,343.9835140701648
42.76,36.20955674292733
166.72,53.2170611921628
31.44,81.91271622310035
31.4,443.4532952710916
16.4,191.75774758052404
371.976,374.39726275483207
715.64,52.081998278902205
20.8,339.16584575694947
231.72,32.473115745646226
454.272,559.1641009223799
8.64,102.38200116223908
11.52,155.43325008617103
11.568,81.43193521600676
101.96,52.285701832803156
2453.43,405.6450002156817
254.744,475.0295723465703
19.6,188.9465734303239
14.352,64.50148023252687
493.92,511.0907992115638
7.312,-48.09479716549188
200.984,300.1307104618894
3.44,25.4257366975788
180.96,486.91649068709523
206.1,510.03477193345356
274.89,822.712269687016
38.88,241.0664629948962
579.95,512.7013210186641
7.68,118.42685703798483
99.98,350.8810251616577
9.096,290.7876400812433
143.73,738.0275122097717
15.552,65.35579012613093
107.44,370.73782044138443
81.08,135.10859021202185
11.67,105.3369507567351
84.98,208.89919984538457
195.136,341.396685035857
8.92,391.47718115081517
284.364,233.88204682153986
13.36,394.447933959789
46.2,145.0633006313863
5.68,53.2170611921628
23.68,131.52823454544267
1.234,-99.3405588485382
89.97,423.6063276200357
113.328,399.53572520569753
158.376,393.14845404024106
56.82,101.595266867869
18.54,53.2170611921628
29.6,135.89532450639194
6.36,53.2170611921628
17.12,31.67264144936854
586.398,452.5440774095433
824.95,530.5802567176542
11.424,-24.525937566867555
10.86,28.861467299168396
43.176,271.14405573745944
18.368,25.4257366975788
112.776,379.95968294562726
49.98,345.2510293716285
152.94,89.26080566685927
181.35,401.1515691260517
755.96,460.52150334448675
21.8,354.41900549662284
629.95,530.6401848272592
175.23,845.0613694169951
58.2,312.2504516526534
103.481,188.89699671411643
435.84,874.976784316578
110.4,327.76274391529944
24.96,287.4140767525654
151.192,287.83269048674725
657.93,405.91966072305956
190.848,311.7696706455598
41.568,366.70073436033226
314.532,240.37582637169476
40.68,29.792826658528043
53.316,233.88204682153986
9.82,34.491463089197595
569.536,121.21821320026302
1421.664,551.4028060707615
3.168,6.761938999325707
199.98,350.81344956242367
15.48,58.93906004173165
57.594,273.37640409066984
627.168,433.0109318695592
11.232,58.93906004173165
51.968,261.529595871828
4416.174,617.3379221244172
163.88,328.0320368990396
129.45,503.4734167840647
10.272,81.22823166210581
20.736,141.7774379863713
207.0,296.64198098716486
14.94,106.26831011609475
44.82,428.1874521061643
296.37,105.3369507567351
13.36,31.75733840475303
821.88,490.15538970985824
7.77,-24.189781624763555
34.86,317.54194645246287
55.44,505.8419266074623
47.584,28.236910847778944
162.64,52.285701832803156
371.97,423.6910245754202
273.552,293.8308068369647
102.336,638.8667730801217
43.68,265.4220568878906
10.65,82.84407558246
231.98,367.74390454590355
25.92,135.10859021202185
225.296,235.2941871879931
14.91,331.0016429380624
83.56,162.07080508062177
239.456,294.5682902710942
46.864,327.76274391529944
1.964,-43.4781357744061
19.824,220.90398096372763
47.9,-16.895527778331
47.18,314.5869968579669
5.184,-27.625512226353152
4.158,214.19269103583878
11.12,164.8819792308219
116.82,109.0794842662949
2807.84,599.8557960022924
5.18,112.07770255281955
333.09,105.99364960871692
50.352,78.47698562151074
9.12,82.84407558246
170.072,348.19536855090183
27.92,367.98198966370353
14.976,218.0928068135275
837.6,376.27707754567257
35.216,11.37318184283933
962.08,118.40703905006288
911.984,321.3460138309001
16.74,277.8057689491409
422.058,298.885803515836
17.12,158.1844961267661
302.67,331.7883772324325
79.984,340.8839394106792
3.912,-21.774691526272477
113.82,85.59532162305507
7.8,89.20697006953291
290.336,29.03738514405663
22.58,56.02823534236295
51.75,188.1598391359538
377.97,417.8402038753395
386.68,245.04782029753397
236.5,453.41608375561356
85.96,299.7477077088573
431.928,712.2426818782028
199.95,527.8290106770592
50.4,366.7068864225392
38.28,260.6043885746753
247.716,143.48074231580685
427.42,664.6897200919816
19.968,-53.87472773402112
4.624,-20.987957231902413
39.88,259.19920272872145
42.784,292.561796108079
29.22,312.2504516526534
49.792,326.9465507019865
159.768,270.2126963780998
192.16,138.64657054698702
1537.074,618.1246564187874
3.64,53.2170611921628
467.04,432.14714810943354
459.92,384.83962615636443
15.7,190.8263882211644
63.882,220.43085471826024
11.96,29.792826658528043
542.94,106.26831011609475
15.54,82.84407558246
54.32,135.89532450639194
43.188,58.64450019824204
19.98,232.32343437901932
21.48,265.4220568878906
492.835,405.91966072305956
181.47,337.4965692581683
3.424,-41.53344201610304
4.24,112.86443684718962
8.85,112.86443684718962
60.144,240.38197843390168
69.52,29.00609236415795
160.98,224.75452002520893
9.728,4.169717464069976
119.616,324.19530466139145
6.928,-96.52938469833805
23.344,319.6279201771704
13.128,81.43193521600676
9.664,15.055787242794082
14.952,-30.450493200386347
241.96,280.70164005472554
1379.92,686.982757448855
159.8,473.6426988398665
79.92,182.8613898156449
34.36,294.1955849738202
19.936,111.05894960630395
106.08,553.088935106407
10.688,12.304541202199005
20.46,32.60400080872819
6.12,85.65524973266014
4.554,5.59325127431012
48.4,194.50899362111912
153.552,58.93906004173165
37.94,52.285701832803156
34.24,138.64657054698702
319.96,477.5290077937222
35.92,388.7259351102201
12.42,311.4637173582833
15.224,-46.28930992460624
164.688,240.73030705279217
45.584,276.62942646249905
31.56,315.8621000991312
6.192,68.107036166726
36.0,344.31967001226883
10.16,-0.9692506450297458
71.96,53.2170611921628
139.04,135.89532450639194
62.808,81.43193521600676
67.8,479.3031638205579
131.6,610.5072739912882
159.56,502.00219792870007
84.95,527.8290106770592
21.864,84.03940581230596
41.22,321.1864351721265
32.4,195.36330351472319
87.6,212.37080796395867
1951.84,596.1132624927326
37.056,450.8727462123988
34.44,108.23282186231975
8.288,8.568100204917897
62.28,159.31955904002672
36.792,291.44433893322514
186.048,363.8895602101321
104.85,-20.447248115203763
339.136,347.8134151202563
704.25,211.439448604599
34.944,243.39685613800276
6.48,-24.189781624763555
167.96,53.2170611921628
479.984,343.83888900517525
1119.984,321.3460138309001
1395.54,423.7890693653164
102.438,189.82835607347607
128.85,424.53768697939535
342.37,307.82869584966
15.008,28.380686292074813
242.352,492.90778252040434
2.469,-101.44060593291346
27.52,155.43325008617103
393.25,212.37080796395867
20.736,138.16578953989344
8.72,182.8613898156449
20.88,350.85156624271485
879.984,319.6279201771704
9.96,29.00609236415795
79.1,349.949665802298
80.96,364.51496628221525
21.594,-51.123481693426044
55.5,29.00609236415795
12.222,218.03557533569386
121.792,138.2257176494985
19.44,82.05734128808992
12.624,24.494377338219152
12.588,6.761938999325707
1000.02,294.11771191882815
9.96,29.792826658528043
30.345,550.2639541323738
979.95,510.03477193345356
21.456,402.5506029097986
1123.128,692.7047562984237
344.372,348.0507434859123
9.82,58.779481382958025
111.96,486.91649068709523
180.96,220.8440528541226
675.06,89.26080566685927
12.6,28.861467299168396
348.208,280.3120318624538
98.21,318.47330581182257
46.35,215.12205400455372
2.78,-17.696002074608685
16.68,393.93518833461115
479.988,316.0475645105912
352.45,384.76589122292626
